<?xml version="1.0" encoding="UTF-8"?>
<Window size="1280,720" mininfo="1280,720" caption="0,0,0,40" sizebox="4,4,4,4" roundcorner="4,4,4,4">
	<Font id="0" name="微软雅黑" size="12" bold="false" default="true" />
	<Font id="1" name="微软雅黑" size="14" bold="true"/>
	<Font id="2" name="微软雅黑" size="16" bold="true"/>
	<Font id="3" name="微软雅黑" size="18" bold="true"/>
	<Font id="4" name="微软雅黑" size="20" bold="true"/>
	<Font id="5" name="微软雅黑" size="22" bold="true"/>
	<Font id="6" name="微软雅黑" size="24" bold="true"/>
	<Font id="7" name="微软雅黑" size="26" bold="true"/>
	<Font id="8" name="微软雅黑" size="28" bold="true"/>
	<Font id="9" name="微软雅黑" size="30" bold="true"/>
	<Font id="10" name="微软雅黑" size="36" bold="true"/>
	<Font id="11" name="微软雅黑" size="72" bold="true"/>
	<Default name="VScrollBar" value="button1normalimage=&quot;file='scrollbar.png' source='0,0,16,16'&quot; button1hotimage=&quot;file='scrollbar.png' source='16,0,32,16,16'&quot; button1pushedimage=&quot;file='scrollbar.png' source='32,0,48,16'&quot; button2normalimage=&quot;file='scrollbar.png' source='0,32,16,48'&quot; button2hotimage=&quot;file='scrollbar.png' source='16,32,32,48'&quot; button2pushedimage=&quot;file='scrollbar.png' source='32,32,48,48'&quot; thumbnormalimage=&quot;file='scrollbar.png' source='0,48,16,64' corner='0,2,0,2'&quot; thumbhotimage=&quot;file='scrollbar.png' source='16,48,32,64' corner='0,2,0,2'&quot; thumbpushedimage=&quot;file='scrollbar.png' source='32,48,48,64' corner='0,2,0,2'&quot; bknormalimage=&quot;file='scrollbar.png' source='0,16,16,32'&quot;" />
	<VerticalLayout  bkcolor="#FFAEAEAE" vscrollbar="false"> 
	
	<!--标题栏-->
      <HorizontalLayout height="30">
        <VerticalLayout width="160" inset="2,2,0,0">
          <Label text="Electronic bulletin board" textcolor="#FFFFFFFF" align="center"/>
		  
        </VerticalLayout>
        <VerticalLayout />
		<VerticalLayout width="160" inset="2,2,0,0">
          <Label name="loginfo" text="" textcolor="#FFFFFFFF" align="center"/>
        </VerticalLayout>
        <VerticalLayout width="104">
          <Button name="minbtn" float="true" pos="0,0,28,19" width="28" height="19" maxheight="19" maxwidth="28"  normalimage="file='btn_mini_normal.png'" hotimage="btn_mini_highlight.png" pushedimage="btn_mini_down.png"  />
          <Button name="maxbtn" float="true" pos="28,0,56,19" width="28" height="19" maxheight="19" maxwidth="28"  normalimage="file='btn_max_normal.png'" hotimage="btn_max_highlight.png" pushedimage="btn_max_down.png"  />
          <Button name="restorebtn" visible="false" float="true" pos="28,0,56,19" width="28" height="19" maxheight="19" maxwidth="28"  normalimage="file='btn_restore_normal.png'" hotimage="btn_restore_highlight.png" pushedimage="btn_restore_down.png"  />
          <Button name="closebtn" float="true" pos="56,0,95,19" width="39" height="19" maxheight="19" maxwidth="39"  normalimage="file='btn_close_normal.png'" hotimage="btn_close_highlight.png" pushedimage="btn_close_down.png"  />
        </VerticalLayout>
      </HorizontalLayout>
		
	<!--固定信息显示栏-->
		<HorizontalLayout bkcolor="#FFF8F8F8" padding="0,0,0,0"  height="80" bordersize="1" bordercolor="#FFC8C8C8">		
			<Button name="headlogo" width="56" height="56" maxheight="56" maxwidth="56" bkimage="file='listener.png' corner='5,5,5,5'" padding="66,10,0,0"/>
			<VerticalLayout  padding="10,20,0,0"  width="120" > 				
				<Text name="nickname" textcolor="#FF000000" font="5" text="listener" width="120" height="25" />
				<Text name="ipaddr" textcolor="#FF000000" font="0" text="" width="120" height="16" />
			</VerticalLayout>
			<VerticalLayout />
			<VerticalLayout  padding="0,0,0,0"  > 
				<HorizontalLayout />
				<Text name="time" textcolor="#FF000000" valign="center" align="center" height="80" font="7" text="00:00:00"  />
				<HorizontalLayout />
			</VerticalLayout> 
			<VerticalLayout />
			<VerticalLayout  padding="0,0,0,0"  width="400" > 
				<HorizontalLayout />
				<Text name="matchinfo" textcolor="#FF000000" valign="center" align="center" height="80" font="5" text=""  />
				<HorizontalLayout />
			</VerticalLayout> 
			
		</HorizontalLayout>
	<!--主控区-->	
		<HorizontalLayout bkcolor="#FFBBBBBB" padding="0,0,0,0" >
			<VerticalLayout  bkcolor="#FF313949" padding="0,0,0,0"  width="186"> 
				<Option font="3" name="page0" float="false" text="消息" textpadding="0,40,0,2" foreimage="file='info_selected.png' dest='76,30,110,64'" width="186" height="136"  group="switch"  selected="true"  textcolor="#FF999999"  align="center" selectedtextcolor="#ffFFAF8C" />
				<Option font="3" name="page1" float="false" text="设置" textpadding="0,40,0,2" foreimage="file='setting.png' dest='76,30,110,64'" width="186" height="136"  group="switch"  textcolor="#FF999999"  align="center" selectedtextcolor="#ffFFAF8C" />
			</VerticalLayout>
			<VerticalLayout  padding="0,0,0,0" > 
				<TabLayout name="pageswitch" selectedid="0" inset="0,0,0,0" ><!-- 主体界面 -->
						<VerticalLayout childpadding="8,0,0,0" bkcolor="#FF900090" ><!-- 信息页 -->
						<List name="msglist" vscrollbar="true" bkcolor="#FFFFFFFF" itemalign="center"  itemshowhtml="true" header="hidden" inset="0,0,0,0"    itemalign="center" hscrollbar="false" menu="true">
								<!--
								<ListContainerElement height="50" font="3" text="{h1}11111111111{/h1}"/>
								<ListContainerElement  width="200" height="30" font="3" enabled="false" text=""/>
								<ListContainerElement  height="50" font="3" text="{h1}11111111111{/h1}"/>
								-->
						</List>
						</VerticalLayout>
						
						<VerticalLayout childpadding="0,0,0,0" inset="124,50,0,0" bkcolor="#FFF3F3F3" ><!-- 设置页面 -->
							<Label text="代号设置" font="3" />
							<Control height="1" bkcolor="#FFC8C8C8" width="500"/>
							<VerticalLayout padding="10,10,0,0">
								<HorizontalLayout inset="0,5,0,0" height ="30" width="300" > 
									<Label text="本机代号:" font="1" width="80" />
									<RichEdit name="localnickname" bkcolor="#FFF3F3F3" width="200" bordersize="1" borderround="2,2" bordercolor="#FFCECECE" maxheight="30" textpadding="9,3,9,5" multiline="false" enabled="true" rich="false" readonly="false" wantreturn="false" wantctrlreturn="false"/>

								</HorizontalLayout>
								<HorizontalLayout inset="0,5,0,0" height ="30" width="343"  > 
									<Label text="Speaker IP:" font="1" width="80" />
									<RichEdit name="speakerip" bkcolor="#FFFFFFFF" maxheight="30" width="200" bordersize="1" borderround="2,2" bordercolor="#FFCECECE" textpadding="9,3,9,5" multiline="false" enabled="true" rich="false" readonly="false" wantreturn="false" wantctrlreturn="false"/>
									<Button name="Connect" width="33" height="27" text="连接" padding="10,0,0,0" bkcolor="#FF4F9FEB" bordersize="1" borderround="3,3"/>
								</HorizontalLayout>
								<HorizontalLayout inset="0,5,0,0" height ="35" width="300"  > 
									<Label name="ErrorInfo" text="" font="0" width="180" textcolor="#FFFF0000" />
								</HorizontalLayout>
							</VerticalLayout>
							<Label text="最新消息文本设置" font="3" />
							<Control height="1" bkcolor="#FFC8C8C8" width="500"/>
							<HorizontalLayout childpadding="0,10,0,0" width="300" height ="100"> 
								<VerticalLayout padding="10,10,0,0">
									<HorizontalLayout childpadding="0,10,0,0" width="200" height ="35"> 
											<Label text="字体:" font="1" width="80" />
											<Combo name="nfont" bordersize="1" borderround="2,2" maxheight="25" width="100" bordercolor="#FFCECECE" textpadding="9,3,9,5" vscrollbar="true">
												<ListLabelElement text="微软雅黑" selected="true"  />
											</Combo>
									</HorizontalLayout>
									<HorizontalLayout childpadding="0,10,0,0" width="200"  height ="35"> 
											<Label text="大小:" font="1" width="80"/>
											<Combo name="nfontsize" bordersize="1" borderround="2,2" maxheight="25" width="100" bordercolor="#FFCECECE" textpadding="9,3,9,5" vscrollbar="true">
												<ListLabelElement text="22" selected="true" userdata="5" />
												<ListLabelElement text="24" userdata="6"/>
												<ListLabelElement text="26" userdata="7"/>
												<ListLabelElement text="28" userdata="8"/>
												<ListLabelElement text="30" userdata="9"/>
												<ListLabelElement text="36" userdata="10"/>
												<ListLabelElement text="72" userdata="11"/>
											</Combo>
									</HorizontalLayout>
								</VerticalLayout>
								<Label name="npreview"  padding="0,10,0,0" text="球" font="5" width="80" height="80"  bordersize="1" borderround="2,2" align="center" valign="center" bordercolor="#FFCECECE"/>
							</HorizontalLayout>
							<Label text="历史消息文本设置" font="3" />
							<Control height="1" bkcolor="#FFC8C8C8" width="500"/>
							<HorizontalLayout childpadding="0,10,0,0" width="300" height ="100"> 
								<VerticalLayout padding="10,10,0,0">
									<HorizontalLayout childpadding="0,10,0,0" width="200" height ="35"> 
											<Label text="字体:" font="1" width="80" />
											<Combo name="ofont" bordersize="1" borderround="2,2" maxheight="25" width="100" bordercolor="#FFCECECE" textpadding="9,3,35,5" vscrollbar="true">
												<ListLabelElement text="微软雅黑" selected="true"  />
											</Combo>
									</HorizontalLayout>
									<HorizontalLayout childpadding="0,10,0,0" width="200"  height ="35"> 
											<Label text="大小:" font="1" width="80"/>
											<Combo name="ofontsize" bordersize="1" borderround="2,2" maxheight="25" width="100" bordercolor="#FFCECECE" textpadding="9,3,35,5" vscrollbar="true">
												<ListLabelElement text="14" selected="true" userdata="1" />
												<ListLabelElement text="16" userdata="2" />
												<ListLabelElement text="18" userdata="3" />
												<ListLabelElement text="20" userdata="4" />
												<ListLabelElement text="22" userdata="5" />
											</Combo>
									</HorizontalLayout>
								</VerticalLayout>
								<Label name="opreview"  padding="0,10,0,0" text="球" font="1" width="80" height="80"  bordersize="1" borderround="2,2" align="center" valign="center" bordercolor="#FFCECECE"/>
							</HorizontalLayout>
							<Control />
						</VerticalLayout>
				
				</TabLayout>
			</VerticalLayout>
		</HorizontalLayout>
	</VerticalLayout>
</Window>