<?xml version="1.0" encoding="UTF-8"?>
<Window size="1280,720" mininfo="1000,700" caption="0,0,0,40" sizebox="4,4,4,4" roundcorner="4,4,4,4">
	<Font id="0" name="微软雅黑" size="12" bold="false" default="true" />
	<Font id="1" name="微软雅黑" size="14" bold="true"/>
	<Font id="2" name="微软雅黑" size="16" bold="true"/>
	<Font id="3" name="微软雅黑" size="18" bold="true"/>
	<Font id="4" name="微软雅黑" size="20" bold="true"/>
	<Font id="5" name="微软雅黑" size="22" bold="true"/>
	<Font id="6" name="微软雅黑" size="24" bold="true"/>
	<Font id="7" name="微软雅黑" size="26" bold="true"/>
	<Font id="8" name="微软雅黑" size="28" bold="true"/>
	<Font id="9" name="微软雅黑" size="30" bold="true"/>
	<Font id="10" name="微软雅黑" size="36" bold="true"/>
	<Font id="11" name="微软雅黑" size="72" bold="true"/>
	<!--
	<Default name="VScrollBar" value="button1normalimage=&quot;file='scrollbar.png' source='0,0,16,16'&quot; button1hotimage=&quot;file='scrollbar.png' source='16,0,32,16,16'&quot; button1pushedimage=&quot;file='scrollbar.png' source='32,0,48,16'&quot; button2normalimage=&quot;file='scrollbar.png' source='0,32,16,48'&quot; button2hotimage=&quot;file='scrollbar.png' source='16,32,32,48'&quot; button2pushedimage=&quot;file='scrollbar.png' source='32,32,48,48'&quot; thumbnormalimage=&quot;file='scrollbar.png' source='0,48,16,64' corner='0,2,0,2'&quot; thumbhotimage=&quot;file='scrollbar.png' source='16,48,32,64' corner='0,2,0,2'&quot; thumbpushedimage=&quot;file='scrollbar.png' source='32,48,48,64' corner='0,2,0,2'&quot; bknormalimage=&quot;file='scrollbar.png' source='0,16,16,32'&quot;" />
	-->
	<Default name="VScrollBar" value="thumbnormalimage=&quot;file='scrollbar_n.png' source='0,0,12,500' corner='0,2,0,2'&quot;thumbhotimage=&quot;file='scrollbar_n.png' source='0,0,12,500' corner='0,2,0,2'&quot; thumbpushedimage=&quot;file='scrollbar_n.png' source='0,0,12,500' corner='0,2,0,2'&quot;showbutton1=&quot;false&quot;showbutton2=&quot;false&quot;bknormalimage=&quot;file='scrollbar_n.png' source='0,0,14,20'&quot;" />

	<VerticalLayout  bkcolor="#FFAEAEAE" vscrollbar="false"> 
	
	   <HorizontalLayout height="30">
        <VerticalLayout width="160" inset="2,2,0,0">
          <Label text="Electronic bulletin board" textcolor="#FFFFFFFF"align="center"/>
        </VerticalLayout>
        <VerticalLayout />
        <VerticalLayout width="104">
          <Button name="minbtn" float="true" pos="0,0,28,19" width="28" height="19" maxheight="19" maxwidth="28"  normalimage="file='btn_mini_normal.png'" hotimage="btn_mini_highlight.png" pushedimage="btn_mini_down.png"  />
          <Button name="maxbtn" float="true" pos="28,0,56,19" width="28" height="19" maxheight="19" maxwidth="28"  normalimage="file='btn_max_normal.png'" hotimage="btn_max_highlight.png" pushedimage="btn_max_down.png"  />
          <Button name="restorebtn" visible="false" float="true" pos="28,0,56,19" width="28" height="19" maxheight="19" maxwidth="28"  normalimage="file='btn_restore_normal.png'" hotimage="btn_restore_highlight.png" pushedimage="btn_restore_down.png"  />
          <Button name="closebtn" float="true" pos="56,0,95,19" width="39" height="19" maxheight="19" maxwidth="39"  normalimage="file='btn_close_normal.png'" hotimage="btn_close_highlight.png" pushedimage="btn_close_down.png"  />
        </VerticalLayout>
      </HorizontalLayout>
	    <!--固定信息显示栏-->
		<HorizontalLayout bkcolor="#FFF8F8F8" padding="0,0,0,0" height="80" bordersize="1" bordercolor="#FFE2E2E2">
			<Button name="headlogo" width="56" height="56" maxheight="56" maxwidth="56" bkimage="file='speaker.png' corner='5,5,5,5'" padding="66,10,0,0"/>
			<VerticalLayout  padding="10,20,0,0"  width="120" > 				
				<Text name="nickname" textcolor="#FF000000" font="5" text="Speaker" width="120" height="30" />
				<Text name="ipaddr" textcolor="#FF000000" font="0" text="IP:192.168.3.102" width="120" height="16" />
			</VerticalLayout>
			<VerticalLayout />
			<VerticalLayout  padding="0,0,0,0"  > 
				<HorizontalLayout />
				<Text name="time" textcolor="#FF000000" valign="center" align="center" height="80" font="7" text="16:45:12"  />
				<HorizontalLayout />
			</VerticalLayout> 
			<VerticalLayout />
			<VerticalLayout  padding="0,0,0,0"  width="400" > 
				<HorizontalLayout />
				<Text name="matchinfo" textcolor="#FF000000" valign="center" align="center" height="80" font="5" text="广州恒大淘宝队VS江苏苏宁易购队"  />
				<HorizontalLayout />
			</VerticalLayout> 
		</HorizontalLayout>
		<HorizontalLayout bkcolor="#FFBBBBBB" padding="0,0,0,0" >
			<VerticalLayout width="156">
			<Option font="5" name="showfunc" float="false" text="︾" textpadding="0,0,0,2" bkcolor="#FF313949" width="156" height="30"  textcolor="#FF999999"  align="center"  bordersize="1" bordercolor="#FF515969"/>
			<VerticalLayout   name="allfunction" bkcolor="#FF313949" padding="0,0,0,0"  width="156" maxheight="0" bordersize="1" bordercolor="#FF515969"> 
				<Option font="3" name="infopub" float="false" text="信息发布" textpadding="0,40,0,2" foreimage="file='info_selected.png' dest='61,30,95,64'" width="156" height="136"  group="switch"  selected="true"  textcolor="#FF999999"  align="center" selectedtextcolor="#ffFFAF8C" />
				<Option font="3" name="match" float="false" text="比赛信息" textpadding="0,40,0,2" foreimage="file='match.png' dest='61,30,95,64'" width="156" height="136"  group="switch"  textcolor="#FF999999"  align="center" selectedtextcolor="#ffFFAF8C" />
				<Option font="3" name="messages" float="false" text="消息设置" textpadding="0,40,0,2" foreimage="file='messages.png' dest='61,30,95,64'" width="156" height="136"  group="switch"  textcolor="#FF999999"  align="center" selectedtextcolor="#ffFFAF8C" />
				<Option font="3" name="settting" float="false" text="系统设置" textpadding="0,40,0,2" foreimage="file='setting.png' dest='61,30,95,64'" width="156" height="136"  group="switch"  textcolor="#FF999999"  align="center" selectedtextcolor="#ffFFAF8C" />
			</VerticalLayout>
			<List name="memberlist" width="156" vscrollbar="true" bkcolor="#FF313949" itemalign="center"  itemshowhtml="true" header="hidden" inset="0,0,0,0"    itemalign="center" hscrollbar="false" menu="true" />							
			</VerticalLayout>
			<VerticalLayout  padding="0,0,1,1" bordersize="1" bordercolor="#FF0000FF" > 
				<TabLayout name="pageswitch" selectedid="0" inset="0,0,0,0" ><!-- 主体界面 -->
					<VerticalLayout childpadding="8,0,0,0" bkcolor="#FFFFFFFF"><!-- 信息发布 -->
						<HorizontalLayout>
							<TileLayout name="flowitem" bkcolor="#FFFFFFFF">
								
							</TileLayout>
							<list name="msgitem" width = "200" vscrollbar="true" bkcolor="#FFBBBBBB" itemalign="center"  itemshowhtml="true" header="hidden" inset="0,0,0,0"    itemalign="center" hscrollbar="false" menu="true" ></list>
						</HorizontalLayout>
						<Container name="midtool" height="2" bkcolor="#FFEEEEEE">
						</Container>
						<HorizontalLayout height="104" padding="1,1,1,10" bkcolor="#FFF0F0F0">
							<VerticalLayout>
								<RichEdit name="editmsg" font="4" height="48" bkcolor="#FFFAFAFA" enabled="true" rich="false" readonly="false" wantreturn="false" wantctrlreturn="false"/>
								<HorizontalLayout height="56"  bkcolor="#FFFAFAFA" >
									<Control />
									<Button padding = "10,0,10,0" name="send" height = "56" width = "90"  text="发送(Enter)"  normalimage="button.png" hotimage="button_hover.png" disabledimage="button_disabled.png" pushedimage="button_selected.png"/>
									<VerticalLayout width="110" >
									<Button name="back"  text="返回" padding = "10,0,10,2"  height = "26" width = "90" normalimage="button.png" hotimage="button_hover.png" disabledimage="button_disabled.png" pushedimage="button_selected.png"/>
									<Option name="auto"  text="自动发送" padding = "10,2,10,0"  height = "26" width = "90" normalimage="button.png" hotimage="button_hover.png" selectedimage="button_selected.png" pushedimage="button_selected.png"/>
									</VerticalLayout>	
									
								</HorizontalLayout>
							</VerticalLayout>
						</HorizontalLayout>

					</VerticalLayout>
					<VerticalLayout childpadding="8,0,0,0" bkcolor="#FFF3F3F3"><!-- 比赛信息 -->
						<VerticalLayout childpadding="8,0,0,0" bkcolor="#FFF3F3F3">
						<HorizontalLayout padding="30,30,30,0">
							<VerticalLayout padding="30,0,0,0">
								<GroupBox name="matchteam" text="对阵信息" height="100" borderround="3,3"  font="1" bordercolor="#FFE5E5E5" textcolor="#FF000000">
										<VerticalLayout>
											<HorizontalLayout padding="30,30,30,0" >
												<Label text="主队:" font="1"  width="70"/>
												<Combo name="team1combo" bordersize="1" borderround="2,2" maxheight="25"  bordercolor="#FFCECECE" textpadding="9,3,9,5">
												</Combo>
											</HorizontalLayout>
											<HorizontalLayout padding="30,0,30,10" >
												<Label text="客队:" font="1" width="70" />
												<Combo name="team2combo" bordersize="1" borderround="2,2" maxheight="25"  bordercolor="#FFCECECE" textpadding="9,3,9,5">
												</Combo>
											</HorizontalLayout>

										</VerticalLayout>
								</GroupBox>
								<GroupBox name="matchreferee" text="官员信息" height="0" borderround="3,3"  font="1" bordercolor="#FFE5E5E5" textcolor="#FF000000">
										<VerticalLayout>
											<TreeView name="refereetree" padding="10,30,10,10" height="0"  itemtextcolor="#FF000000"  vscrollbar="true" >
												
												<TreeNode text="信息" height="33" width="0" bordersize="1"  bordercolor="#FFE5E5E5">
													<Label text="通配符" width="60"/>
												</TreeNode>
												
												<TreeNode name="wildcardR" text="官员" height="33" width="0" bordersize="1" bordercolor="#FFE5E5E5">
													<Label text="$R" width="60"/>
													<TreeNode name="wildcardR1" text="主裁判" height="33" width="0" bordersize="1" bordercolor="#FFE5E5E5">
														
													</TreeNode>
													<TreeNode name="wildcardR2" text="边裁" height="33" width="0" bordersize="1" bordercolor="#FFE5E5E5">
														
													</TreeNode>
													<TreeNode name="wildcardR3" text="第四官员" height="33" width="0" bordersize="1" bordercolor="#FFE5E5E5">
														
													</TreeNode>
												</TreeNode>
												
											</TreeView>
										</VerticalLayout>
								</GroupBox>
								
							</VerticalLayout>
							<VerticalLayout padding="30,0,0,0">
								<GroupBox name="team1" text="主队信息" height="0" borderround="3,3"  font="1" bordercolor="#FFE5E5E5" textcolor="#FF000000">
										<VerticalLayout>
											<TreeView name="team1tree" padding="10,30,10,10" height="0"  itemtextcolor="#FF000000"  vscrollbar="true" >
												
												<TreeNode text="信息" height="33" width="0" bordersize="1"  bordercolor="#FFE5E5E5">
													<Label text="通配符" width="60"/>
												</TreeNode>
												<TreeNode name="wildcardT1" text="球队" height="33" width="0" bordersize="1" bordercolor="#FFE5E5E5">
													<Label text="$T" width="60"/>
												</TreeNode>
												<TreeNode name="wildcardC1" text="教练" height="33" width="0" bordersize="1" bordercolor="#FFE5E5E5">
													<Label text="$C" width="60"/>
												</TreeNode>
												<TreeNode name="wildcardP1" text="球员" height="33" width="0" bordersize="1" bordercolor="#FFE5E5E5">
													<Label text="$P" width="60"/>
													<TreeNode text="" height="33" width="0" bordersize="1"  bordercolor="#FFE5E5E5">
														<Button name="addp1" text="+添加球员" textcolor="#FF0000FF" width="100"/>
													</TreeNode>
												</TreeNode>
											</TreeView>
										</VerticalLayout>
								</GroupBox>
							</VerticalLayout>
							<VerticalLayout padding="30,0,0,0">
								<GroupBox name="team2" text="客队信息" height="0" borderround="3,3"  font="1" bordercolor="#FFE5E5E5" textcolor="#FF000000">
										<VerticalLayout>
											<TreeView name="team2tree" padding="10,30,10,10" height="0"  itemtextcolor="#FF000000"  vscrollbar="true" >
												
												<TreeNode text="信息" height="33" width="0" bordersize="1"  bordercolor="#FFE5E5E5">
													<Label text="通配符" width="60"/>
												</TreeNode>
												<TreeNode name="wildcardT2" text="球队" height="33" width="0" bordersize="1" bordercolor="#FFE5E5E5">
													<Label text="$T" width="60"/>
												</TreeNode>
												<TreeNode name="wildcardC2" text="教练" height="33" width="0" bordersize="1" bordercolor="#FFE5E5E5">
													<Label text="$C" width="60"/>
												</TreeNode>
												<TreeNode name="wildcardP2" text="球员" height="33" width="0" bordersize="1" bordercolor="#FFE5E5E5">
													<Label text="$P" width="60"/>
													<TreeNode text="" height="33" width="0" bordersize="1"  bordercolor="#FFE5E5E5">
														<Button name="addp2" text="+添加球员" textcolor="#FF0000FF" width="100"/>
													</TreeNode>
												</TreeNode>
											</TreeView>
										</VerticalLayout>
								</GroupBox>
							</VerticalLayout>
						</HorizontalLayout>
						<HorizontalLayout padding="30,0,100,0" height="50" >
							<Control />
							<Button name="reset" text="重置" padding = "10,0,10,0"  height = "26" width = "90" normalimage="button.png" hotimage="button_hover.png" disabledimage="button_disabled.png" pushedimage="button_selected.png"/>
							<Button name="import" text="导入" padding = "10,0,10,0"  height = "26" width = "90" normalimage="button.png" hotimage="button_hover.png" disabledimage="button_disabled.png" pushedimage="button_selected.png"/>
						</HorizontalLayout>
						</VerticalLayout>
					</VerticalLayout>
					<VerticalLayout childpadding="8,0,0,0" inset="124,50,0,0" bkcolor="#FFF3F3F3"><!-- 消息设置 -->
						<Label text="消息设置" font="3" />
						<Control height="1" bkcolor="#FFC8C8C8" padding="0,0,10,0"/>
						<TreeView name="msgtree" padding="10,30,10,10" height="0"  itemtextcolor="#FF000000"  vscrollbar="true" hscrollbar="true">											
							<TreeNode name="eventnode"text="常用消息" height="33" width="0" bordersize="1"  bordercolor="#FFE5E5E5">
								<Label text="代码" width="60"/>
								<!--
								<TreeNode name="event1" text="点球" height="33" width="0" bordersize="1" bordercolor="#FFE5E5E5">
									<Label text="A" width="60"/>
									<TreeNode text="" height="33" width="0" bordersize="1"  bordercolor="#FFE5E5E5">
										<Button name="addmsg" text="+添加消息" textcolor="#FF0000FF" width="100"/>
									</TreeNode>
								</TreeNode>
								-->
								<TreeNode text="" height="33" width="0" bordersize="1"  bordercolor="#FFE5E5E5" userdata="addmatchevent">
									<Button name="addmatchevent" text="+添加事件" textcolor="#FF0000FF" width="100"/>
								</TreeNode>
							</TreeNode>
						</TreeView>
					</VerticalLayout>

					<VerticalLayout childpadding="0,0,0,0" inset="124,30,0,0" bkcolor="#FFF3F3F3" ><!-- 设置页面 -->
						<Label text="代号设置" font="3" />
						<Control height="1" bkcolor="#FFC8C8C8" width="500"/>
						<VerticalLayout padding="10,10,0,0">
							<HorizontalLayout inset="0,5,0,0" height ="30" width="500" > 
								<Label text="本机代号:" font="1" width="80" />
								<RichEdit name="localnickname" bkcolor="#FFFFFFFF" width="200" bordersize="1" borderround="2,2" bordercolor="#FFCECECE" maxheight="30" textpadding="9,3,9,5" multiline="false" enabled="true" rich="false" readonly="false" wantreturn="false" wantctrlreturn="false"/>
							</HorizontalLayout>
						</VerticalLayout>
						<Label text="消息重置" font="3" />
						<Control height="1" bkcolor="#FFC8C8C8" width="500"/>
						<VerticalLayout padding="10,10,0,0">
							<HorizontalLayout inset="0,5,0,0" height ="30" width="300" > 
								<Label text="重置时间:" font="1" width="70" />
								<Combo name="sthour" bordersize="1" padding="1,0,5,0" borderround="2,2" maxheight="25"  bordercolor="#FFCECECE" textpadding="9,3,9,5" vscrollbar="true" dropboxsize="0,450">
									<ListLabelElement text="00" height="18" />
									<ListLabelElement text="01" height="18" />
									<ListLabelElement text="02" height="18" />
									<ListLabelElement text="03" height="18" />
									<ListLabelElement text="04" height="18"/>
									<ListLabelElement text="05" height="18"/>
									<ListLabelElement text="06" height="18"/>
									<ListLabelElement text="07" height="18"/>
									<ListLabelElement text="08" height="18"/>
									<ListLabelElement text="09" height="18"/>
									<ListLabelElement text="10" height="18"/>
									<ListLabelElement text="11" height="18"/>
									<ListLabelElement text="12" height="18"/>
									<ListLabelElement text="13" height="18"/>
									<ListLabelElement text="14" height="18"/>
									<ListLabelElement text="15" height="18"/>
									<ListLabelElement text="16" height="18"/>
									<ListLabelElement text="17" height="18"/>
									<ListLabelElement text="18" height="18"/>
									<ListLabelElement text="19" selected = "true"/>
									<ListLabelElement text="20" height="18"/>
									<ListLabelElement text="21" height="18"/>
									<ListLabelElement text="22" height="18"/>
									<ListLabelElement text="23" height="18"/>
								</Combo>
								<Label text="时" font="0" width="15" />
								<Combo name="stmin" bordersize="1" padding="1,0,5,0"  borderround="2,2" maxheight="25"  bordercolor="#FFCECECE" textpadding="9,3,9,5" vscrollbar="true" dropboxsize="0,200">
									<ListLabelElement text="00" height="18"/>
									<ListLabelElement text="10" height="18"/>
									<ListLabelElement text="20" height="18"/>
									<ListLabelElement text="30" height="18" selected = "true" />
									<ListLabelElement text="40" height="18"/>
									<ListLabelElement text="50" height="18"/>
								</Combo>
								<Label text="分" font="0" width="15" />							
							</HorizontalLayout>
						</VerticalLayout>
						<Label text="最新消息文本设置" font="3" />
						<Control height="1" bkcolor="#FFC8C8C8" width="500"/>
						<HorizontalLayout childpadding="0,10,0,0" width="300" height ="100"> 
							<VerticalLayout padding="10,10,0,0">
								<HorizontalLayout childpadding="0,10,0,0" width="200" height ="35"> 
										<Label text="字体:" font="1" width="80" />
										<Combo name="nfont" bordersize="1" borderround="2,2" maxheight="25" width="100" bordercolor="#FFCECECE" textpadding="9,3,9,5" vscrollbar="true">
											<ListLabelElement text="微软雅黑" selected="true" height="18" />
										</Combo>
								</HorizontalLayout>
								<HorizontalLayout childpadding="0,10,0,0" width="200"  height ="35"> 
										<Label text="大小:" font="1" width="80"/>
										<Combo name="nfontsize" bordersize="1" borderround="2,2" maxheight="25" width="100" bordercolor="#FFCECECE" textpadding="9,3,9,5" vscrollbar="true" dropboxsize="0,200">
											<ListLabelElement text="22" selected="true" userdata="5" height="18" />
											<ListLabelElement text="24" userdata="6" height="18"/>
											<ListLabelElement text="26" userdata="7" height="18"/>
											<ListLabelElement text="28" userdata="8" height="18"/>
											<ListLabelElement text="30" userdata="9" height="18"/>
											<ListLabelElement text="36" userdata="10" height="18"/>
											<ListLabelElement text="72" userdata="11" height="18"/>
										</Combo>
								</HorizontalLayout>
							</VerticalLayout>
							<Label name="npreview"  padding="0,10,0,0" text="球" font="5" width="80" height="80"  bordersize="1" borderround="2,2" align="center" valign="center" bordercolor="#FFCECECE"/>
						</HorizontalLayout>
						<Label text="历史消息文本设置" font="3" />
						<Control height="1" bkcolor="#FFC8C8C8" width="500"/>
						<HorizontalLayout childpadding="0,10,0,0" width="300" height ="100"> 
							<VerticalLayout padding="10,10,0,0">
								<HorizontalLayout childpadding="0,10,0,0" width="200" height ="35"> 
										<Label text="字体:" font="1" width="80" />
										<Combo name="ofont" bordersize="1" borderround="2,2" maxheight="25" width="100" bordercolor="#FFCECECE" textpadding="9,3,35,5" vscrollbar="true">
											<ListLabelElement text="微软雅黑" selected="true"  />
										</Combo>
								</HorizontalLayout>
								<HorizontalLayout childpadding="0,10,0,0" width="200"  height ="35"> 
										<Label text="大小:" font="1" width="80"/>
										<Combo name="ofontsize" bordersize="1" borderround="2,2" maxheight="25" width="100" bordercolor="#FFCECECE" textpadding="9,3,35,5" vscrollbar="true" dropboxsize="0,200">
											<ListLabelElement text="14" selected="true" userdata="1" height="18"/>
											<ListLabelElement text="16" userdata="2" height="18"/>
											<ListLabelElement text="18" userdata="3" height="18"/>
											<ListLabelElement text="20" userdata="4" height="18"/>
											<ListLabelElement text="22" userdata="5" height="18"/>
										</Combo>
								</HorizontalLayout>
							</VerticalLayout>
							<Label name="opreview"  padding="0,10,0,0" text="球" font="1" width="80" height="80"  bordersize="1" borderround="2,2" align="center" valign="center" bordercolor="#FFCECECE"/>
						</HorizontalLayout>
						<Control />
					</VerticalLayout>
				</TabLayout>
			</VerticalLayout>
		</HorizontalLayout>
	</VerticalLayout>
</Window>